{"stat.useItem.351":128,"stat.useItem.355":1,"stat.mineBlock.18":1215,"stat.mineBlock.17":167,"stat.swimOneCm":1373,"stat.jump":146,"stat.useItem.126":284,"stat.fallOneCm":3199,"achievement.buildWorkBench":3,"achievement.exploreAllBiomes":{"value":0,"progress":["Ocean"]},"stat.craftItem.85":14,"stat.craftItem.5":348,"stat.damageTaken":400,"stat.mineBlock.5":9,"stat.mineBlock.3":3,"stat.killEntity.Enderman":16,"stat.mineBlock.6":1,"stat.useItem.54":3,"stat.flyOneCm":1046,"stat.craftItem.351":120,"stat.craftItem.355":1,"stat.killEntity.Witch":9,"stat.useItem.107":1,"stat.mineBlock.126":14,"stat.craftItem.346":1,"stat.craftItem.107":1,"stat.walkOneCm":346497,"stat.animalsBred":1,"stat.craftItem.268":3,"stat.killEntity.Creeper":3,"stat.craftItem.35":3,"achievement.buildSword":3,"achievement.mineWood":177,"stat.craftItem.126":354,"stat.killEntity.Skeleton":31,"achievement.openInventory":144,"stat.killEntity.Chicken":2,"stat.craftItem.280":160,"stat.craftItem.281":4,"stat.mobKills":94,"achievement.killEnemy":92,"stat.useItem.383":3,"stat.useItem.6":40,"stat.craftItem.58":3,"stat.drop":4,"stat.playOneMinute":179598,"stat.useItem.5":9,"stat.craftItem.54":5,"stat.useItem.3":12,"stat.killEntity.Zombie":13,"stat.fishCaught":1,"stat.diveOneCm":1343}